Study Hours/Day,Previous SGPA,Attendance (%),Assignment Submission Rate (%),Sleep Hours/Day,SGPA (Target)
4.370861069626263,5.258408605843038,58.44675315360823,60.394312757301364,7.791315979645113,4.1959414353372235
9.556428757689245,7.65677315784074,63.92951695159793,51.32661019369099,4.1229345822940076,7.4333640196479625
7.587945476302646,7.7031756080505325,58.85052421383734,59.071771754489866,4.110617757644986,5.730633899432571
6.387926357773329,8.187149507491032,54.43512668785278,79.15207804848461,5.618051095747706,5.9014516196327875
2.4041677639819286,8.630456668613308,56.03179355503004,71.0712275296249,6.443215952023329,5.80019546304431
2.403950683025824,9.879260397312674,73.03893840163629,94.63358555384875,7.852037089038966,7.582337127113606
1.5227525095137953,7.581501741505976,60.31668592028963,90.87217808692205,7.4164768830325265,5.703059170891203
8.795585311974417,6.61478236470623,68.21349305240378,67.0908675848938,6.229513531883741,6.934842518764286
6.41003510568888,8.975930973843518,75.17086354274284,62.971171671564626,5.3681333314083295,7.098564877595825
7.372653200164409,6.3541612563103715,84.51974143146826,68.98462040836334,8.985622500788555,7.386850663078274
1.185260448662222,7.1948571035281805,51.965606992054944,79.51474712574039,6.130906511179864,4.721840466280444
9.72918866945795,5.39228190671133,89.97051994545214,63.403182041143815,6.256935121648377,7.044856034362885
8.491983767203795,5.126753717077287,81.39501947454539,81.2074453924567,4.8181191059583455,6.233155612784761
2.9110519961044856,9.813242073389626,54.08795159744359,70.47058260956203,7.974047743749647,6.3611088966117615
2.636424704863906,9.17990060256103,93.67893120533887,77.602359042599,7.468411128907443,6.579982716137837
2.650640588680904,8.479871030468491,96.04362002659066,71.80632645676583,5.103848063943802,5.962643343619867
3.7381801866358395,7.044764722071349,53.05389799274319,64.72328797709588,4.411905228079213,4.222164785802342
5.72280788469014,5.866471600354229,63.843882407360184,97.42266534810784,7.402496510373565,5.965532721213304
4.887505167779041,5.78218521335543,90.31006398965306,88.18028970798804,7.272556071405676,5.825063694684687
3.6210622617823773,6.251214490822976,87.41298451918291,57.00565878832263,5.366297634991047,4.847303484964266
6.506676052501415,7.746133323530602,59.226050967818864,93.42339879489563,8.75431781125205,7.174042960064452
2.2554447458683766,8.572979613500312,60.467466166835514,74.37155991247567,4.755289458904501,5.627548769306385
3.629301836816963,8.300986883588656,68.5236051395691,94.72761134470457,6.16167400521301,6.434763303562276
4.297256589643226,6.399669484729714,74.22614925955106,89.99276279736577,8.718079600837994,5.705961123030178
5.104629857953324,9.774326403315971,80.9127385765148,71.26067522346167,6.098636584630611,6.89481991843232
8.066583652537123,8.689484583478842,68.44568197848862,51.12346541600587,7.192629738320427,7.696674526943054
2.7970640394252375,7.771770262557004,73.1267358066574,63.4338679692473,5.987971989813971,5.147548892577295
5.628109945722504,8.058603731171761,87.37354690668784,77.08171073304334,5.37107601174335,6.636987778999209
6.331731119758382,7.09800031213895,51.834160144529896,81.67391099130737,8.91988823979914,6.74113505125396
1.4180537144799796,6.238654947505787,62.62184721720104,62.894384271660115,6.046670031575215,3.921089550262883
6.467903667112945,6.779863393256308,85.66747929422762,56.96780370364121,8.470496018395671,6.861055935880294
2.5347171131856236,8.789230552321845,94.76034188435997,91.74651183996495,5.149773029455431,5.918526268386898
1.5854643368675156,5.071967443148779,75.58387210578331,99.22010903517761,5.065523520125416,4.040999221626929
9.539969835279999,5.580363202534581,76.60567426326578,76.28450911513428,4.1556704144225565,6.5161634711417635
9.690688297671034,5.230013210108764,55.358600566988805,58.583964292415175,7.258334126879426,5.865992132925128
8.275576133048151,5.203644011594851,72.37061834117273,63.61536632596845,5.842631718618806,6.148365239747407
3.741523922560336,9.277302920055035,76.63086332275115,50.919533827373336,8.321791249198185,6.733657859680505
1.8790490260574548,8.518289296900118,62.12352518173648,95.71494032802495,6.366049533457786,5.809607226508965
7.158097238609412,7.370869145436626,63.46216154746905,55.88755414450706,8.840967139573609,6.959263270286047
4.961372443656412,5.489170803255007,68.86420815523113,78.82582377571268,4.927627578515605,5.44439009995595
2.0983441136030097,7.458079375584162,51.003559888886315,63.7027610343603,8.343115839778054,5.17602431118588
5.456592191001432,7.367358853902829,66.10395827915892,77.70890012578967,7.882984263958709,6.330864556156802
1.3094966900369656,5.866009349550076,60.572400349827234,82.57101941759322,7.85460922322026,4.584022043557334
9.18388361870904,7.169258246189865,66.37486760889573,91.48709018536007,8.22391614058444,7.873009274947977
3.3290198344001523,6.992523671986867,55.98810659096256,60.32106358803016,7.8051199547149945,5.294370198855056
6.962700559185838,8.079250490261082,94.52636403699475,50.549791432924025,7.131101608157077,7.354933387921899
3.8053996848046987,8.175468254338218,79.67962267770244,56.844281503440364,4.656224388411938,5.49448984710551
5.680612190600297,5.226520048860222,83.95511595722448,95.00093209240526,4.16263089745626,5.257559221018688
5.920392514089517,6.873063073132356,89.45856193036691,93.69450387812577,8.604239239078435,6.7515255271441745
2.6636900997297435,8.129299578571182,74.92210994645286,79.87065510851542,7.08325157260369,6.489498948838428
9.726261649881026,7.515681292900439,54.34601440437118,80.02584302168268,7.982686454880882,7.234708050787524
7.976195410250031,9.28244920594161,76.85532709092739,83.25183372731277,6.4076117575627505,7.749113976717107
9.455490474077703,8.293468158094726,79.34205590104395,58.76856393117248,4.586540944811972,7.230347172085439
9.053446153848839,5.8146721354071484,87.2719737092165,95.72059729624799,4.625928961012752,7.138211252750203
6.381099809299767,5.352843737002149,71.58297731148397,70.93852624460365,7.427826436144857,5.793592630007869
9.296868115208051,8.212096391031578,56.37901513977819,69.15692641247487,6.1515294744973135,7.697677074596942
1.7964325184672756,5.132556552708109,64.18879528993622,75.94588526414188,5.002623633501684,3.633664674490746
2.763845761772307,7.928877906367316,68.15411481993175,52.348298338752755,6.457972733707185,5.462562966273358
1.4070456001948426,9.701151207124788,82.29586206658007,58.31416843780397,4.3210446853756705,5.345237909715217
3.927972976869379,7.877370889379395,78.53891523344559,86.90168082131852,6.909857009571994,6.994651501941085
4.498095607205338,6.940849631032609,67.80483629489231,54.139933396256325,5.344967022175489,4.935978473161298
3.442141285965063,8.216441092211767,99.32576243964898,80.1576054733194,7.987795503185941,6.997815439905696
8.458637582367365,7.291264452457583,80.28874096784436,62.26745548406605,5.551809794617869,7.1830414530939946
4.210779940242304,7.728083946579675,61.86133958679972,69.46478070209884,6.276100745409006,5.865702037778795
3.5284105871864266,9.707324043882625,55.089123631020186,64.43468683853499,4.058102699540504,5.643616376959521
5.884264748424236,6.930513189003872,57.642956959216605,67.78363582324747,4.362234438972794,5.4016808754201575
2.2683180247728636,9.805952819119572,62.29788641922541,85.95229525921228,5.962467782033424,6.113994214056736
8.219772826786357,9.526753209780319,58.03406866297779,64.85608578115875,6.399694173585617,7.521713597247756
1.6709557931179373,5.978955673946482,59.32835120256529,78.32023201484486,7.000102740596518,4.7518226348715045
9.881982429404655,5.346806504375827,64.25475843469235,73.80252010995498,5.458312893546516,7.081257179551832
7.9502029236699165,5.503890006887133,58.66867976473774,83.1835582681324,7.474909430632713,6.1195604084561
2.7884411338075514,5.091109128257749,94.83827123132126,96.84148696623791,8.300611985946023,5.18733778904965
1.0496990541124216,5.472214803779642,54.01168728308211,86.62860486051252,7.899254944466749,4.203681806400325
8.339152856093508,8.415033867081785,76.22556947851274,60.74701892953784,4.198094126741786,7.813272609171052
7.361716094628554,5.355943242301145,70.51984134948307,51.55915675306424,6.4025347362891445,5.516285096696238
7.561064512368886,6.594878151468807,99.11893084543033,63.113202214991254,4.524650892090874,7.116446473408104
7.941433120173512,9.224376554847272,55.60194510840262,79.75389653501274,5.210225079312638,7.727113685594602
1.6664018656068134,5.116359678679129,69.89277995228709,52.57129067421252,8.933312966335732,4.29061905769631
4.226191556898454,9.072342412944678,98.47352166376845,74.81831236006181,4.712477714507566,6.92763845578049
2.0428215357261674,6.409273873867,93.27535629469901,79.84214244584446,6.49444076725678,5.827891701006992
8.767930832880342,5.590824138108282,90.85360354746399,66.71219454084805,7.090778671590595,6.8553203334870485
6.609683141448022,8.483685826820754,62.895141352246995,88.54561018729109,7.5123248527205195,7.161129064593954
3.9780822236738427,8.14471423389942,58.54437936950329,55.32991265668859,6.798243417434571,5.560641483921193
1.5720251525742128,9.387360067635264,83.43216099622154,53.75688908679044,4.048854237095918,5.138107511830028
3.79884089544096,8.67535521901943,96.46879945637929,86.40943781018017,5.632306541219959,6.534942768193638
3.9266498982407234,9.017404651924242,77.83814465069649,74.77456581030992,6.588558216923557,6.239994944714978
7.566455605042576,6.410172862856532,78.580634473495,84.4201198213868,4.439332495724167,6.347911253961755
6.738017242196918,5.887197718898614,63.998954683014205,71.74136693018731,5.753134656045904,5.493311985072266
8.98491468318694,8.753073758204291,88.47464665959684,62.32010166195534,4.166015543956833,7.692736740377881
5.249934326457543,9.034173696336321,59.35218742787617,90.95511588371,4.3928924857751035,5.897054487160347
2.0763482134447155,9.952525710003368,66.18396182021218,89.97079394844897,5.98461638100798,6.323489269789428
7.419203085006955,7.063088384557132,71.27182193082083,84.73482354272133,4.6635787702153015,6.7065553958943065
7.847065437552077,6.860090428963916,75.38051893422275,63.607256861498136,6.83770424130779,6.211258905640748
6.051494778125466,8.882064803709984,62.12048662075401,79.51153334345435,7.447324845686328,7.2074813608627935
7.938704619591049,6.704017701265089,55.74184123696018,68.04869484700134,8.002933495545413,7.027429636443638
5.444160367279517,9.653786628017823,80.53100212208163,54.579103666331704,5.00075122122405,6.488431779133382
5.704595464437946,9.29206375921506,64.43152766201278,95.86567877311214,4.837412911295349,7.344745782299166
4.847869165226946,7.1449701368750915,79.06191107113061,56.84093154594807,4.522839201672001,5.692269884344427
1.2287721406968566,8.754355338957486,57.718135763710116,97.51186769104012,7.182151247718183,5.42478186279277
1.97102284293974,8.772714370423412,74.05700509274087,72.30028864789779,7.532378632434506,5.994280592574672
1.2828626711806081,5.5156193441796635,76.62947162757929,59.25664644193098,4.15793072412821,3.9153466545791025
6.727693701374023,9.512764533397833,52.591176841121346,77.0950473689179,8.68106123121845,7.60520179795036
3.82920382968694,7.526261862239286,66.83021390969603,93.64729179382041,4.259856418257362,5.645941171319304
5.577136220482325,9.13228733053871,56.72073384694871,86.61124432047805,6.706481676505352,6.5916771758811965
9.168098265334837,6.600248005153059,53.168748523638385,90.32805739307248,7.545302597254582,7.117052992726906
3.2436300623398746,9.477616142481002,99.49801161949726,82.93916833553587,8.354845618730428,7.03034216611426
4.693446307320667,6.946008393670816,66.11769224873615,84.61382822589263,7.570434660662139,6.035648490625994
7.799960246887438,5.054188257401492,90.49372229273175,92.45978257826596,8.00864041534896,6.626691439294477
3.059183489424602,9.52690988209632,62.732032738188195,62.483400442959294,5.69725096271403,5.72678486862514
1.6928191884591368,5.456433383930667,84.07513611119646,74.47124818215703,8.074125568732562,5.302287380465151
3.6077630762239123,6.596568187952075,88.01139299448432,61.06047209098011,4.400574231923375,5.499296661410448
2.4509915852860398,9.750309835254026,79.78193703039221,99.38340039983234,8.474083280302638,7.30245224662627
9.367278871083158,9.753035734687781,73.57880942750792,97.20296698433066,6.737961880768681,8.374902360345487
8.273083416079754,7.86718944061643,70.59204570736343,51.9713405684253,8.086488849812469,7.282730355956073
6.700633808593811,8.159186060848995,67.44341332714977,85.27875862578442,6.261591422591501,7.291768014230636
8.84314531168946,7.242227609891598,96.4764572123913,96.26241587078329,7.217888475982624,8.128080709707632
8.23304869209203,6.466053858490323,91.53097038938645,59.02876725636668,6.632013304680566,7.699444754305756
2.6791305299743224,6.64332272684958,98.25134553332563,78.39726152763147,7.657947608776659,6.0596526492486005
9.0330309864098,8.362592280385192,56.21486117427724,95.77441487940209,4.4081499101529475,7.276232297334182
5.854080177240856,8.761872647188401,86.54337376018222,51.69729892928994,4.301760419952819,6.476430721273975
8.266961396476564,8.957895218629243,96.91702284105189,84.871013362342,5.235516170050732,8.137462602283957
9.06482169931144,8.94809071397277,59.061653308283006,64.86745036862754,4.797723400565942,7.242394094433502
3.8620312747467747,5.456030515243452,53.32481336833887,96.21980976882652,8.358917832961009,5.4539321231752345
1.9904673207490908,7.472101523512907,87.05603246450295,98.55291225826838,5.096069936790221,5.818855259899053
3.051416462877475,5.287793800083222,78.7236556589956,97.2133244556717,8.879326279095658,5.317217234299908
4.843970097636307,7.747644411618678,92.0914388379136,73.71071083287319,5.684478958855534,6.068710584729141
8.362132893302437,7.207652506866885,56.988618831314476,93.10213254946567,4.9105895784434965,6.093750876616141
8.74657524930709,9.4385209137915,89.76336559299452,92.22746992675351,7.948492535712395,9.059018856652393
1.0625691747807164,6.754575062760393,60.08136600238723,65.95502366216279,7.29353887750438,4.209476127856458
5.596725723198092,5.585335082138029,58.18279714328523,91.44577370753387,6.490978582265695,4.843593968323077
4.7566990283390105,5.714958410264179,58.21328989654965,51.85038173577463,6.776817754688157,5.067699820193035
2.9989702942365724,8.80755315858736,90.72873601156911,79.81349392410266,7.596008891361319,7.502523644680426
2.0787883060031453,8.091090316581305,83.25986103481,61.50044186438515,5.142273706656494,5.366907725642848
4.038536542632651,5.505613380613951,76.15327123845597,56.02834428886394,8.98166958028371,5.745036331085369
9.486187335212673,5.420534030574987,67.94152420617513,53.84766008146046,8.873965810733916,6.910718867442957
3.908826388186797,8.5048456572956,93.86002704065541,84.81443879390699,7.251628431734685,6.920589898516051
5.669115595690295,5.363815031820968,69.62225537113177,66.9937481884033,4.997712254645726,5.38390867656762
7.3271706300566,9.109300296451782,90.82997197357886,86.23833857643808,7.401141212156457,8.114000012008347
4.272666421413646,8.531211135782481,71.95674542851091,53.26781703994712,4.360992044895879,5.818513562907523
9.746038744488645,5.406743903209499,68.84722147124538,65.76451689153052,4.15326251102903,6.248260627035215
9.662025654479,5.42418857042596,73.13398928348032,76.97456461876686,5.288414442556069,6.357964308789658
3.2660406624282774,9.933197892505877,65.0688937082071,89.53615824194819,6.313114783696582,6.910066473914732
5.475236553031469,6.8713539787806015,87.38046900881255,65.9376251466035,8.341362527041902,6.613882767463725
3.707904788350927,6.8532107353344545,75.13601950462396,81.29456882185045,7.63584534883154,5.669767330868499
3.5635644493972087,9.063997836287513,61.61063475734086,94.29888741180935,7.713532605999905,6.77352951287018
1.3319825261907952,9.736242886919293,94.97872866372842,80.79315940911523,6.127466672240377,6.157551019901441
6.486079005819072,9.930005319114354,69.19456106866056,61.64797373768169,5.729674962734815,7.272586127899193
5.524111209059753,8.766890926294709,77.17764305569943,51.220039077826904,5.855193814923013,6.588046049119409
1.463308761249904,6.881297927654579,95.32360554822735,93.50494369504649,8.938247818680289,6.346451580837346
3.507818178129503,5.417503583493344,81.21189979569961,51.063470542519354,4.200545957062412,4.536738249451842
9.174392973699883,8.885734579637184,55.8449020354182,93.73508363420997,8.335157480612242,8.220384009514207
3.1560570160027517,7.792021248679025,96.99160618067376,76.4468567013606,6.893377042861967,6.591931593231996
2.304053848821008,7.1211100462348815,81.38540265357089,96.95338492564481,6.193077095947952,5.992579759362906
5.405074842498067,9.53177192547368,66.7452807328543,89.93916178868326,7.626288302075682,7.561129207803507
9.870854086995406,5.555987411530757,56.96360363316936,99.89670552666686,6.433344707123514,6.811665046018698
3.178497443603504,7.4631255214542955,89.7012594635148,67.53559077258551,8.367116190408304,5.888052907035534
7.049219926652907,5.0567682238370955,81.00363779642568,88.35941444655634,8.503509320056292,6.222307933013434
7.854576537958458,7.343303209970632,76.67305459881608,70.0965456804621,6.108604634367277,6.858274309723788
3.1387378959315972,5.2815163784091865,94.69462915254789,73.99378101519544,5.384138986175258,4.782032449933332
7.553947137506736,5.594089581340359,89.42986056122655,81.37527316091851,6.961751642966811,6.642428854319609
4.3100481944732785,5.587631233885524,57.58374398663756,93.68385570931693,8.561816728083455,5.5459387118079375
6.690752475342215,8.246051510580319,65.5861033897774,99.20417345996475,5.053310945028333,6.978980164542673
6.7017673968480524,8.730224396327117,62.424456990723286,88.41367069322591,7.114832917817414,7.237062774477743
5.821972156672826,7.916843825485798,87.19731462863385,70.8883391083667,7.157801100462603,7.143669574092892
1.8126079304896747,9.81086274237271,51.67662173678897,71.06785011385351,7.665565112076405,5.964793758828617
8.51772246030314,6.87435289761852,78.49448424356582,86.87911507944457,4.6578384256362995,6.2826664480252115
3.8870205847456223,6.428560431409304,88.12293428703452,61.938857288415115,7.579124823410442,5.553401953148713
2.678666593598688,9.3429956409473,93.83828183808748,55.52370565656973,8.545162603328205,6.838607181735131
1.3669762739928752,6.117979192597263,67.10408743579538,67.73110788203883,4.898415544351209,3.6934520727909725
6.318036488694176,9.816112697203057,91.06286523360063,64.36194958270409,5.187716624619388,7.704254769911269
7.098079256580542,5.0607723734490815,55.53158684776036,64.81540602279951,8.856975470208198,6.343138867281746
1.1492904603507053,9.849394133538194,92.3226145867259,61.680387552495496,4.904884763547448,6.294406466998647
5.608837524693529,5.215799559752881,56.37443311659912,52.104659481818096,8.271925466847897,5.207858570549892
3.0384619767814414,9.455715568490355,69.86436452801837,50.89369673667069,6.461389282240174,6.539544775860669
6.806555113685048,7.638505545431499,89.86476828897767,99.38611948680158,5.236155372015885,7.1803566244894945
2.569297861044923,9.964823980596503,57.49587136743869,71.38865668679311,8.353749506362558,6.390147054705883
7.218439642922194,5.368982823676994,61.462569761632075,69.21633235798409,6.2265262750133274,5.4958241971003226
4.480618116704837,7.769271422006604,86.1126284196533,83.9823641346535,6.574086769648451,6.438046661536945
9.43056989863061,9.846512678095495,86.00182682730372,60.912694393253204,5.796166846998828,8.339719845143387
2.2376884973139393,7.615489220850744,82.05738164426486,97.49805919751127,6.964754257174637,5.977706180542463
4.069597159452327,8.146993190676312,84.697422223355,89.3172507207776,4.817619362925114,6.278493442681082
2.021261691165302,8.478743444923087,77.13622216737981,54.47055011561297,5.955407683258803,5.4773011725203355
9.322242564507064,7.272705323838866,62.58995294534763,70.87903878924642,8.847061611676438,7.766838118946275
8.896054180428829,8.137790400420318,67.28479967519597,93.95591537810824,5.2906671635056375,7.824514876718807
3.3214746494364005,7.921571559615501,59.079885840071285,97.2366011145705,7.283683322706461,6.26063765179794
6.939856414307611,9.505790052454945,95.42252806668142,73.37007556249348,5.625950321123474,7.40614493592255
8.354999801810942,5.227231901707289,79.16958973830603,80.67056946053539,7.867365628433003,5.994786975813686
5.996807304395161,6.4048159479611515,70.042570838182,58.35169730460376,4.654368303591749,5.756506594402818
5.766855205204059,9.752057420382794,73.10029018220663,99.55843130684883,8.849105225392723,7.648227081980875
3.1766706181040654,9.451318919454582,97.36416698059077,61.58358506917217,6.268947706918196,6.683007864332424
1.837924910253093,7.278283763928565,57.66757015580401,97.13658870675629,5.18025231673232,4.472424824359654
9.074941821579941,8.100662989007684,79.31149160083986,82.48233244961843,4.367483736650064,6.906703514646043
9.103762514469974,6.386905914905663,75.2944339442233,80.38683974394296,4.848789525437704,6.9278449201761285
6.697913115459412,5.940605798618806,80.57271177173239,75.63442555082543,6.598869742780089,6.500935241675059
4.051268119438307,7.318492024699911,50.90550919104203,61.53349058588793,5.685015882156431,4.940272391604446
4.142886171513948,6.766761140130264,93.60619544720757,58.82640160027542,8.144416829413046,5.461528910692332
7.533601109832154,7.91828055925436,96.60591412418063,61.02431045350877,6.1544376183090295,7.2367681328561515
9.073992339573193,5.388673184824924,78.25665917946044,59.32191310721272,5.24357136293815,6.402274764671658
8.983777818386056,9.871974038330833,84.8325411938446,88.97922367833766,7.085724933020151,8.403837537480209
8.018879912718614,9.931053722398016,96.12496905886479,67.5062629583365,7.533886084427229,8.737432666354643
6.77828481538859,8.490808570098725,85.36193171566993,52.89213382816982,4.835209539504749,6.828417798400214
1.7572596849554394,7.680481831720602,57.62695214571307,98.45513150704056,4.838096081441588,5.077867662328185
2.454658426851524,6.547638081431639,78.81441800834065,94.18929424817128,4.183357134667715,4.946179600734429
9.086987696743714,9.068975098534743,80.3357523191428,96.38761415976064,7.682010075328202,8.36875886921865
6.457861536936309,8.423655862769397,71.2065335651193,99.74539113232177,7.3190226381090255,7.751181366935408
1.0827734645496667,5.813084696724457,86.82221178123615,58.69476246097437,6.373154378749069,4.400529782130872
1.913243885794289,9.554635922469213,96.71835073845074,69.81210094513294,8.220852244845986,6.864294646062535
6.971515921972502,9.112686214615845,96.27842564533881,87.91192378520456,8.028350764750266,8.066906778425006
1.0455542546159682,9.74899956645962,72.5419685702066,84.8010309026896,6.926771821983761,5.964485472438967
2.4472724627574878,8.6285975419418,55.661902292037766,57.69479531699275,8.341356402566294,5.478637220919838
5.938604104299275,8.06707597967895,99.24205994811672,90.79165624953089,5.029206050183841,7.0551267766787475
7.227056779234239,7.091215181453094,91.94490432229671,61.22202859183304,4.55959809698864,7.081153642156205
6.867651335523405,9.663642416770067,56.233134060163344,61.19088074113115,5.348748057584948,6.52050312461721
3.018423785145038,9.330319447502042,96.04209413086862,76.84872114467068,4.285434280446574,5.9000024453347
7.409612992127823,5.226093350530947,93.49481810310641,79.64699674208515,6.65584764000516,6.95220819358282
3.135241787471201,5.13183487248626,75.94190285630361,79.00431039189056,8.683028461474807,5.175996235430243
3.9285972834334095,6.882316834390248,79.56377178724647,54.574341869887746,4.196717703342548,4.9071464923004635
7.718422646062217,9.052766653909163,69.95013519350651,93.87304313151901,4.610549570050134,7.7084479107965
6.846696091424932,9.936380646574722,52.73808194110157,63.2800021294353,6.260995141417176,6.986637112536129
8.6430106944476,5.752084455517641,66.75986208229504,56.47574606414021,8.669375087639525,7.275369624420626
6.91851603070309,7.970653576760675,90.14267242990057,94.43740399344887,5.580780524883752,7.530577594826228
6.114777430019244,6.904454283155108,50.23160115023014,97.78257491148767,6.536174043441962,5.9395341006319775
1.8430729104528323,9.849571989073016,66.6749585845572,93.10638086327253,4.2078642952519605,6.446078972118968
4.309442227534902,9.210594615678543,69.90843467954717,90.4758037362439,4.741716004810444,6.246625969546358
3.386821309135529,9.19164352355569,76.86978014689615,82.7620990319511,8.933150614794235,7.266979129982008
3.195906790411752,7.343465798974851,95.99278082063802,77.54286853045696,8.825593482180228,6.6463491289887875
9.75709499277201,7.074097511688326,67.31729971829806,54.34933799557051,4.024699904672048,7.042069244582649
4.537879522000844,6.367035359653531,67.34766009481139,70.42266065353493,8.759058927116195,6.379622953334537
9.02841899659402,5.281877483254636,86.87506240548743,68.6344258506157,7.195599689077502,6.893843381431196
6.680247633975366,9.323611881275266,72.61089704449036,62.98768918801631,8.33959147260011,7.457506808888853
8.153301731874835,9.064505045650389,61.2302411469991,86.17100568442925,6.273699278169295,7.7508389161224756
5.523733837946729,9.998588366430653,72.62197580663467,74.79378675393855,6.577980142896251,7.169214299281977
6.192134961637232,9.983184185369527,57.04285101898999,54.0523107953824,6.444232901284601,7.625157045487512
5.432659244369775,7.777158528013137,58.819349325311165,61.009160097490565,7.334321287730521,6.234964628868242
2.7571868901824006,8.844937075902553,74.91838863697399,84.16293818297979,4.698256273781564,5.735182841347699
7.502069037353548,9.723828649412141,70.9462724752274,53.80654297451501,4.14986794936339,7.18252073185277
3.526951261967702,9.248236953387057,95.742295053405,92.56034570243844,5.539649707955954,6.501621572769899
1.2188436978830846,6.236740508715988,68.11969495583165,74.75732635069872,7.523403813683234,4.383513026658392
6.80925066316451,7.252720676550467,79.02941751390217,74.0293288663324,5.009267260614742,6.826722733017185
2.5939961146634403,5.645797075757475,81.61321439597651,79.62038923297588,7.367162166624587,4.94134999458481
9.464127259176228,9.770255136293612,50.654722829416684,91.23404829625746,8.849560230536351,8.32861392312391
9.585357193023286,8.0308731722544,83.17686860083553,67.39046039510966,4.469503578947092,7.680294944324159
9.233779511984036,6.143214027517313,58.90179834348757,83.90080762795318,7.363010591125631,7.272776872375444
4.331428302298999,8.358503422029283,98.05351587347275,78.28659819978955,6.218751096522856,7.046202371472855
1.1391095487598069,8.09064120228948,57.43313638765565,63.35141350847107,8.340711271887526,5.527122768500808
9.354867063289529,6.790813590164202,70.73120618635119,93.9314993177579,4.885748947236929,6.8268359348336904
4.8536573348558285,5.567787960998145,54.26748340393219,89.8713010803464,7.463129761130823,4.933357815941726
9.699893371393026,8.357865977963998,99.84371259229736,82.92259173292128,8.190576448240552,9.367729957013424
9.672579793803276,7.601538504518967,75.10975051656213,92.52908645471209,8.723071097370116,8.217685482648315
8.677085099206241,8.861591958678197,79.76925086600218,93.36471004799012,7.416240141448229,8.284792554386227
3.6500400286262713,7.6008175055599665,53.353823869421376,85.41814883575174,6.485873820042137,5.952229983120958
4.465879557417328,9.260907501592701,87.49802351995889,91.85066641818361,7.089236201006069,7.497310245464704
8.660230043651712,7.759534193872428,60.49527965477929,84.87357308346418,8.34452492239359,7.766195330677913
3.852298046406499,7.804689857676932,94.90271447203568,84.00703858801502,6.853048733194148,7.235800482422741
2.5254347201748324,9.383268013291726,60.25698202410036,80.93056891075922,4.151935298484184,5.362714541541534
6.0112113621251515,7.017414331061985,59.534386033183324,87.63583197788206,8.65474347753489,6.886675915436177
9.425392967447028,5.670076142253204,51.827483392404744,57.93025526465368,7.447633755157806,6.418131256130708
7.264268170074757,5.143913381566695,73.60334725549995,94.04353795994642,7.382566928886233,6.406439197794792
6.1305505308042845,8.775686278368095,78.24205666313082,93.5921763872616,5.078375761988585,7.524418248045232
1.8745884439369167,8.101547756767324,53.285431971417616,51.462364151727954,7.294427351163286,5.194564113953181
6.535065040292528,8.520398840496117,88.77638083475053,91.29083752823814,5.969322028270792,7.612468269632646
9.91048465093837,6.064820807544553,72.66444173740138,56.44349337367226,7.25616488520746,7.389782665018516
2.260756137128716,5.681857377933849,76.219513466379,66.7559427129571,4.532965151539954,4.14002670021443
5.664966871273631,5.07272332833941,72.03813734691141,87.1754128145804,7.289226523015181,5.44717867220322
8.8963576473516,6.752937794032984,70.0381530437663,58.03799480241541,8.997068628853333,7.037196388282509
7.66691755978784,7.949588434273165,77.9820165654109,90.8983512059531,4.24106019430278,6.406839547061123
7.273141668957412,6.9612202254986615,57.76201229653562,91.6067088978871,8.885870921106587,7.631774248999686
7.322356755883983,7.1873746101186455,59.09640652476355,75.37338668804182,6.0345398036143525,6.083264319194708
4.2354203609777965,9.520793472468743,93.08928105067587,50.31929358584168,8.353767251686296,7.248299417414298
3.64232659838044,6.741277335116502,97.30577310668164,64.35190665874563,7.911927420291367,6.07818493637342
8.284250399306622,7.569947445799054,68.66546581398765,80.84634591878711,6.835081304933339,7.354265143908631
8.291020552112627,8.918265063705714,63.53723365717769,99.05930890137117,7.692246046256633,8.299120326286456
8.803650867220934,6.982713911606351,82.19997716195078,81.59067635083342,8.39257780650674,8.03074473936544
9.219164973008242,8.110433501139367,70.43670855490481,62.99017905320799,6.020701608255164,7.277775944068746
5.60208158974844,9.311818543733725,51.26931778301724,81.70028515498056,5.635165807816193,6.524637749055487
5.513646652184796,9.747603118288211,57.80762986830952,76.99926898579278,7.337966927817924,7.231647900904917
8.184656610700976,5.7353674046451895,85.79861144236988,88.99226975755718,8.039229709706293,7.088677475577533
6.849675376999887,9.632938125807472,82.94619709550757,55.34903194134792,7.811425673883079,8.3649809323292
7.31770189531933,7.460581465397691,51.354799625174174,88.05139512510141,7.989068244293172,7.0322592328594835
8.16213402492491,6.291221941494792,61.098608096647474,77.06332893380551,6.177916574064665,6.613781085974273
9.010048076358096,7.295678781191306,61.55373982940357,98.14960019294973,8.089171080875108,7.850555330676765
4.041956411663822,9.900162876427386,83.59463717993643,67.0936083019343,4.601045276853042,6.987732113304379
4.380246573759496,7.463090469964348,50.98552688771821,81.6310946566974,6.722445489804247,5.734127210006888
1.845837458567821,6.6437580514375405,55.205429099228695,96.60140527550087,4.028793302490608,3.898086168996312
6.204521268965566,8.167004271583629,89.99580426865947,55.12548639953396,5.622929149501351,6.923821254117714
1.3234804641706788,6.200728093890966,58.927233102716684,96.86142436182256,5.83230767435699,4.195548749213999
5.190382163192141,5.37931664054332,82.63730539259373,84.39428611504067,5.980863458046277,5.4431179612615805
5.883801712368189,5.644398609553246,61.90913905233633,53.39185295525859,7.477336033449311,5.666377680447458
3.5788712691545594,5.640229194788862,54.97206963796726,65.04817834734081,5.942790506351729,4.839719257595103
6.317499345121097,5.759513467561471,62.1586095499727,85.40860443226407,6.2434681131126535,5.751388521526361
1.2745022494514449,5.694135863247051,86.11334659278296,53.36753007343859,5.187720654371637,4.246141287378315
1.3361336987429298,8.204373724016072,92.78482340531428,79.10852300881366,5.8662589581467,6.213287572443642
8.403405045936925,5.909400421995724,91.51099322834958,67.29415284764784,5.136348136315757,6.687438656732559
4.241715772701366,6.728336416619316,69.85917648092274,81.04577588837385,4.365979618842218,6.025191444982891
2.143544613866963,9.483942049530059,83.40425682853231,52.28710169062564,7.01724296690689,6.400697844519856
5.700189340493239,7.3698082013143615,60.24921477079105,93.57684030761882,7.341063992775082,5.938716751973996
7.9299419778874976,8.337788692605136,64.65738651305067,98.67444845886985,7.097451730048073,7.83948311759899
2.9423892474715885,5.861599356008149,94.81679092605599,98.44389276428458,6.317470219002862,5.685972822074108
6.606014282371002,5.961445094043354,50.6500961755368,87.48259158714623,5.8989289008961485,6.020921768114894
1.768127184943912,5.204343081332395,54.2754265427234,56.5043120065316,8.316668247859127,4.3280150938887285
